,Accuracy,Avg Confidence,Avg Entropy
Clean,0.8048,0.8027834851339459,0.5674048354684866
Gaussian Noise,0.0919,0.5265650324329734,1.2189090745449067
Blur,0.6079,0.6753376404300332,0.9065659634534037
Low Light,0.5987,0.6124461857065558,1.1095876588524436
